,epoch,train_loss,val_loss
0,1,1222.2257986068726,0.0
1,2,890.1409962177277,0.0
2,3,790.4319987297058,0.0
3,4,731.3513360023499,0.0
