,epoch,train_loss,val_loss
0,1,3136.2512679100037,0.0
1,2,1351.4933924674988,0.0
2,3,1339.8017716407776,0.0
3,4,1304.4490871429443,0.0
